<?xml version="1.0" encoding="UTF-8"?>
<project-private xmlns="http://www.netbeans.org/ns/project-private/1">
    <editor-bookmarks xmlns="http://www.netbeans.org/ns/editor-bookmarks/2" lastBookmarkId="0"/>
    <open-files xmlns="http://www.netbeans.org/ns/projectui-open-files/2">
        <group>
            <file>file:/D:/Henrique/ifsc/gti-poo/trabalho-final/clubes/src/clubes/TelaContratar.java</file>
            <file>file:/D:/Henrique/ifsc/gti-poo/trabalho-final/clubes/src/clubes/Clubes.java</file>
            <file>file:/D:/Henrique/ifsc/gti-poo/trabalho-final/clubes/src/clubes/TelaPrincipal.java</file>
        </group>
    </open-files>
</project-private>
